<?xml version="1.0" encoding="UTF-8"?>
<!--
    This file is part of HumanResources plugin for FacturaScripts.
    FacturaScripts  Copyright (C) 2015-2025 Carlos Garcia Gomez <carlos@facturascripts.com>
    HumanResources  Copyright (C) 2018-2025 Jose Antonio Cuello Principal <yopli2000@gmail.com>

    This program and its files are under the terms of the license specified in the LICENSE file.

    Document   : EditEmployeeHoliday.xml
    Author     : Jose Antonio Cuello    <yopli2000@gmail.com>
    Description:
        Initial description for the controller EditEmployeeHoliday
-->
<view>
    <columns>
       <group name="others" numcolumns="12">
            <column name="holidaystatus" numcolumns="2" order="150">
                <widget type="select" fieldname="holidaystatus" required="true">
                    <values title="Solicitadas">Solicitadas</values>
                    <values title="Aceptadas">Aceptadas</values>
                    <values title="Denegadas">Denegadas</values>
                </widget>
            </column>
        </group>

    </columns>
</view>