<?xml version="1.0" encoding="UTF-8"?>
<!--
 * Copyright (C) 2024 Daniel Fernández Giménez <hola@danielfg.es>
 * @author Daniel Fernández Giménez <hola@danielfg.es>
-->
<view>
    <columns>
        <group name="portal-cliente" title="client-portal" icon="fa-solid fa-chalkboard-user" numcolumns="12" valign="bottom">
            <column name="pc-nick" title="nick" order="100">
                <widget type="text" fieldname="pc_nick" maxlength="100"/>
            </column>
            <column name="new-password" order="110">
                <widget type="password" fieldname="new_password" maxlength="100"/>
            </column>
            <column name="repeat-password" order="110">
                <widget type="password" fieldname="repeat_password" maxlength="100"/>
            </column>
            <column name="last-login" order="120">
                <widget type="datetime" fieldname="pc_last_login" readonly="true"/>
            </column>
            <column name="last-ip" order="130">
                <widget type="text" fieldname="pc_last_ip" readonly="true"/>
            </column>
            <column name="last-browser" numcolumns="12" order="140">
                <widget type="textarea" fieldname="pc_last_browser" readonly="true"/>
            </column>
        </group>
        <group name="portal-cliente-advanced" numcolumns="12" valign="bottom">
            <column name="active" order="100">
                <widget type="checkbox" fieldname="pc_active"/>
            </column>
            <column name="allow-pay" order="110">
                <widget type="checkbox" fieldname="pc_allow_pay"/>
            </column>
            <column name="allow-buy" order="120">
                <widget type="checkbox" fieldname="pc_allow_buy"/>
            </column>
            <column name="allow-show-files" order="130">
                <widget type="checkbox" fieldname="pc_allow_show_files"/>
            </column>
            <column name="allow-show-addresses" order="140">
                <widget type="checkbox" fieldname="pc_allow_show_addresses"/>
            </column>
            <column name="allow-show-estimations" order="150">
                <widget type="checkbox" fieldname="pc_allow_show_estimation"/>
            </column>
            <column name="allow-show-orders" order="160">
                <widget type="checkbox" fieldname="pc_allow_show_order"/>
            </column>
            <column name="allow-show-delivery-notes" order="170">
                <widget type="checkbox" fieldname="pc_allow_show_delivery_note"/>
            </column>
            <column name="allow-show-invoices" order="180">
                <widget type="checkbox" fieldname="pc_allow_show_invoice"/>
            </column>
            <column name="allow-show-catalogue" order="190">
                <widget type="checkbox" fieldname="pc_allow_show_catalogue"/>
            </column>
        </group>
    </columns>
</view>