<?xml version="1.0" encoding="UTF-8"?>
<table>
    <column>
        <name>id</name>
        <type>serial</type>
        <null>NO</null>
    </column>
    <column>
        <name>name</name>
        <type>character varying(100)</type>
        <null>NO</null>
    </column>
    <column>
        <name>description</name>
        <type>text</type>
    </column>
    <column>
        <name>host</name>
        <type>character varying(150)</type>
        <null>NO</null>
    </column>
    <column>
        <name>ip_address</name>
        <type>character varying(45)</type>
    </column>
    <column>
        <name>port</name>
        <type>integer</type>
        <default>8443</default>
    </column>
    <column>
        <name>username</name>
        <type>character varying(100)</type>
        <null>NO</null>
    </column>
    <column>
        <name>password</name>
        <type>character varying(255)</type>
        <null>NO</null>
    </column>
    <column>
        <name>created_at</name>
        <type>timestamp</type>
    </column>
    <column>
        <name>updated_at</name>
        <type>timestamp</type>
    </column>
    <constraint>
        <name>dondominio_servers_pkey</name>
        <type>PRIMARY KEY (id)</type>
    </constraint>
</table>
