<?xml version="1.0" encoding="UTF-8"?>
<table>
<column>
    <name>woo_variation_id</name>
    <type>integer</type>
</column>
<column>
    <name>woo_description</name>
    <type>text</type>
</column>
<column>
    <name>woo_regular_price</name>
    <type>double precision</type>
</column>
<column>
    <name>woo_sale_price</name>
    <type>double precision</type>
</column>
<column>
    <name>woo_manage_stock</name>
    <type>boolean</type>
</column>
<column>
    <name>woo_stock_quantity</name>
    <type>integer</type>
    <default>0</default>
</column>
<column>
    <name>woo_weight</name>
    <type>double precision</type>
</column>
<column>
    <name>woo_dimensions</name>
    <type>text</type>
</column>
<column>
    <name>woo_status</name>
    <type>character varying(20)</type>
</column>
<column>
    <name>woo_permalink</name>
    <type>text</type>
</column>
<column>
    <name>woo_last_update</name>
    <type>timestamp</type>
</column>
</table>
