<?xml version="1.0" encoding="UTF-8"?>
<!--
 * Copyright (C) 2019-2021 Carlos Garcia Gomez <carlos@facturascripts.com>
 * Author Carlos Garcia Gomez <carlos@facturascripts.com>
-->
<view>
    <columns>
        <column name="code" order="100">
            <widget type="text" fieldname="id"/>
        </column>
        <column name="name" order="110">
            <widget type="text" fieldname="name"/>
        </column>
        <column name="api-key" order="120">
            <widget type="text" fieldname="apikey"/>
        </column>
        <column name="last-activity" display="right" order="130">
            <widget type="datetime" fieldname="lastactivity"/>
        </column>
        <column name="creation-date" display="right" order="140">
            <widget type="date" fieldname="creationdate"/>
        </column>
    </columns>
</view>