<?xml version="1.0" encoding="UTF-8"?>
<table>
    <column>
        <name>iban</name>
        <type>character varying(34)</type>
    </column>
    <column>
        <name>idremesa</name>
        <type>integer</type>
    </column>
    <column>
        <name>swift</name>
        <type>character varying(11)</type>
    </column>
    <constraint>
        <name>ca_recibospagoscli_remesas</name>
        <type>FOREIGN KEY (idremesa) REFERENCES remesas_sepa (idremesa) ON DELETE SET NULL ON UPDATE CASCADE</type>
    </constraint>
</table>
