<?xml version="1.0" encoding="UTF-8"?>
<table>
    <column>
        <name>idservicio</name>
        <type>integer</type>
    </column>
    <column>
        <name>idmaquina</name>
        <type>integer</type>
    </column>
    <constraint>
        <name>ca_presupuestoscli_vehiculos</name>
        <type>FOREIGN KEY (idservicio) REFERENCES serviciosat (idservicio) ON DELETE SET NULL ON UPDATE CASCADE</type>
    </constraint>
    <constraint>
        <name>ca_presupuestoscli_vehiculos_vehiculos</name>
        <type>FOREIGN KEY (idmaquina) REFERENCES vehiculos (idmaquina) ON DELETE SET NULL ON UPDATE CASCADE</type>
    </constraint>
</table>