<?xml version="1.0" encoding="UTF-8"?>
<!--
    This file is part of the DocumentosRecurrentes plugin for FacturaScripts.
    FacturaScripts         Copyright (C) 2015-2025 Carlos Garcia Gomez <carlos@facturascripts.com>
    DocumentosRecurrentes  Copyright (C) 2020-2025 Jose Antonio Cuello Principal <yopli2000@gmail.com>

    Document   : docrecurrentes_purchasedata.xml
    Author     : Carlos Garcia Gomez    <carlos@facturascripts.com>
    Author     : Jose Antonio Cuello    <yopli2000@gmail.com>
    Description:
        View structure for EditDocRecurringPurchaseData.
-->
<view>
    <columns>
        <group name="document" numcolumns="12">
            <column name="serie" numcolumns="2" order="160">
                <widget type="select" fieldname="codserie" onclick="EditSerie" required="true">
                    <values />
                </widget>
            </column>
            <column name="warehouse" numcolumns="4" description="warehouse-desc" order="170">
                <widget type="select" fieldname="codalmacen" onclick="EditAlmacen" required="true">
                    <values source="almacenes" fieldcode="codalmacen" fieldtitle="nombre" />
                </widget>
            </column>
            <column name="payment" title="method-payment" order="190">
                <widget type="select" fieldname="codpago" onclick="EditFormaPago" required="true">
                    <values />
                </widget>
            </column>
            <column name="currency"  order="200">
                <widget type="select" fieldname="coddivisa" onclick="EditDivisa" required="true">
                    <values source="divisas" fieldcode="coddivisa" fieldtitle="descripcion" />
                </widget>
            </column>
        </group>
        <group name="others" numcolumns="12">
            <column name="state" numcolumns="2" order="100">
                <widget type="select" fieldname="idstatus">
                    <values />
                </widget>
            </column>
        </group>
        <group name="notes" numcolumns="12">
            <column name="observations" numcolumns="6" order="140" description="internal-note">
                <widget type="textarea" fieldname="notes" rows="5" />
            </column>
            <column name="doc-note" numcolumns="6" order="140" description="document-note">
                <widget type="textarea" fieldname="notesdocument" rows="5" />
            </column>
        </group>
    </columns>
</view>