<?xml version="1.0" encoding="UTF-8"?>
<!--
 * Copyright (C) 2019-2025 Carlos Garcia Gomez <carlos@facturascripts.com>
-->
<view>
    <columns>
        <group name="general" numcolumns="12">
            <column name="name" display="none" order="0">
                <widget type="text" fieldname="name" readonly="true" required="true"/>
            </column>
            <column name="template" numcolumns="12" order="100">
                <widget type="radio" images="true" path="/Dinamic/Assets/Images/PlantillasPDF/"
                        fieldname="template" required="true"/>
            </column>
            <column name="size" numcolumns="2" order="110">
                <widget type="select" fieldname="size" required="true">
                    <values>A3</values>
                    <values>A4</values>
                    <values>A5</values>
                    <values>Legal</values>
                    <values>Letter</values>
                </widget>
            </column>
            <column name="orientation" numcolumns="2" order="120">
                <widget type="select" fieldname="orientation" translate="true" required="true">
                    <values>landscape</values>
                    <values>portrait</values>
                </widget>
            </column>
            <column name="logo" numcolumns="4" order="130">
                <widget type="library" fieldname="idlogo" icon="fa-solid fa-image" onclick="EditAttachedFile" accept=".gif,.jpg,.png"/>
            </column>
            <column name="logo-size" numcolumns="2" order="140">
                <widget type="number" decimals="0" min="0" max="400" fieldname="logosize" icon="fa-solid fa-arrows-alt-v"
                        required="true"/>
            </column>
            <column name="logo-align" numcolumns="2" order="150">
                <widget type="select" fieldname="logoalign" icon="fa-solid fa-arrows-alt-h" translate="true" required="true">
                    <values>left</values>
                    <values>center</values>
                    <values>right</values>
                    <values>full-size</values>
                </widget>
            </column>
            <column name="top-margin" numcolumns="2" order="160">
                <widget type="number" decimals="0" min="0" max="400" fieldname="topmargin"
                        icon="fa-solid fa-long-arrow-alt-up" required="true"/>
            </column>
            <column name="bottom-margin" numcolumns="2" order="170">
                <widget type="number" decimals="0" min="0" max="400" fieldname="bottommargin"
                        icon="fa-solid fa-long-arrow-alt-down" required="true"/>
            </column>
            <column name="font" numcolumns="4" order="180">
                <widget type="select" fieldname="font" required="true"/>
            </column>
            <column name="font-size" numcolumns="2" order="190">
                <widget type="number" decimals="0" min="1" max="50" fieldname="fontsize" icon="fa-solid fa-text-height"/>
            </column>
            <column name="title-font-size" numcolumns="2" order="200">
                <widget type="number" decimals="0" min="1" max="50" fieldname="titlefontsize"
                        icon="fa-solid fa-text-height"/>
            </column>
            <column name="color-1" numcolumns="3" order="210">
                <widget type="color" fieldname="color1"/>
            </column>
            <column name="color-2" numcolumns="3" order="220">
                <widget type="color" fieldname="color2"/>
            </column>
            <column name="color-3" numcolumns="3" order="230">
                <widget type="color" fieldname="color3"/>
            </column>
            <column name="font-color" numcolumns="3" order="240">
                <widget type="color" fieldname="fontcolor"/>
            </column>
        </group>
        <group name="options" numcolumns="12">
            <column name="show-customer-code" numcolumns="3" order="100">
                <widget type="checkbox" fieldname="showcustomercode"/>
            </column>
            <column name="show-customer-phones" numcolumns="3" order="110">
                <widget type="checkbox" fieldname="showcustomerphones"/>
            </column>
            <column name="show-customer-email" numcolumns="3" order="120">
                <widget type="checkbox" fieldname="showcustomeremail"/>
            </column>
            <column name="show-numero2" numcolumns="3" order="130">
                <widget type="checkbox" fieldname="shownumero2"/>
            </column>
            <column name="show-numproveedor" numcolumns="3" order="140">
                <widget type="checkbox" fieldname="shownumproveedor"/>
            </column>
            <column name="show-payment-date" numcolumns="3" order="150">
                <widget type="checkbox" fieldname="showpaymentdate"/>
            </column>
            <column name="show-agent" numcolumns="3" order="160">
                <widget type="checkbox" fieldname="showagent"/>
            </column>
            <column name="show-invoice-alert-sketch" numcolumns="3" order="170">
                <widget type="checkbox" fieldname="showinvoicesketch"/>
            </column>
            <column name="show-parent-documents" numcolumns="3" order="180">
                <widget type="checkbox" fieldname="show_parent_documents"/>
            </column>
            <column name="hide-shipping-addresses" numcolumns="3" order="190">
                <widget type="checkbox" fieldname="hideshipping"/>
            </column>
            <column name="hide-number-invoice" numcolumns="3" order="200">
                <widget type="checkbox" fieldname="hidenumberinvoice"/>
            </column>
            <column name="hide-serie-invoice" numcolumns="3" order="210">
                <widget type="checkbox" fieldname="hideserieinvoice"/>
            </column>
            <column name="hide-observations" numcolumns="3" order="220">
                <widget type="checkbox" fieldname="hideobservations"/>
            </column>
            <column name="hide-payment-methods" numcolumns="3" order="230">
                <widget type="checkbox" fieldname="hidepaymentmethods"/>
            </column>
            <column name="hide-receipts" numcolumns="3" order="240">
                <widget type="checkbox" fieldname="hidereceipts"/>
            </column>
            <column name="hide-expiration-payment" numcolumns="3" order="250">
                <widget type="checkbox" fieldname="hideexpirationpayment"/>
            </column>
            <column name="print-attachment-document" numcolumns="12" order="260">
                <widget type="checkbox" fieldname="print_attachment_document"/>
            </column>
        </group>
        <group name="lines" title="lines" icon="fa-solid fa-list" numcolumns="12">
            <column name="line-columns" description="line-columns-desc" numcolumns="7" order="100">
                <widget type="text" fieldname="linecols" maxlength="200"/>
            </column>
            <column name="line-column-alignments" description="line-column-alignments-desc" numcolumns="5" order="110">
                <widget type="text" fieldname="linecolalignments" maxlength="200"/>
            </column>
            <column name="line-column-types" description="line-column-types-desc" numcolumns="7" order="120">
                <widget type="text" fieldname="linecoltypes" maxlength="200"/>
            </column>
            <column name="lines-height" numcolumns="5" order="130">
                <widget type="number" decimals="0" min="0" max="650" fieldname="linesheight" icon="fa-solid fa-arrows-alt-v"
                        required="true"/>
            </column>
        </group>
        <group name="end-texts" title="end-text" icon="fa-solid fa-font" numcolumns="12">
            <column name="end-text" numcolumns="12" order="100">
                <widget type="textarea" fieldname="endtext"/>
            </column>
            <column name="end-font-size" order="110">
                <widget type="number" decimals="0" min="1" max="50" fieldname="endfontsize" icon="fa-solid fa-text-height"/>
            </column>
            <column name="end-text-align" order="120">
                <widget type="select" fieldname="endalign" icon="fa-solid fa-align-left" translate="true" required="true">
                    <values>left</values>
                    <values>center</values>
                    <values>right</values>
                    <values>justify</values>
                </widget>
            </column>
            <column name="image-text" title="image" order="130">
                <widget type="library" fieldname="idimagetext" icon="fa-solid fa-image" onclick="EditAttachedFile" accept=".gif,.jpg,.png"/>
            </column>
            <column name="image-text-size" title="image-size" order="140">
                <widget type="number" decimals="0" min="0" max="400" fieldname="imagetextsize"
                        icon="fa-solid fa-arrows-alt-v" required="true"/>
            </column>
        </group>
        <group name="thanks-texts" title="thanks-text" icon="fa-solid fa-font" numcolumns="12">
            <column name="thanks-title" numcolumns="12" order="150">
                <widget type="text" fieldname="thankstitle"/>
            </column>
            <column name="thanks-text" numcolumns="12" order="160">
                <widget type="textarea" fieldname="thankstext"/>
            </column>
        </group>
        <group name="footer-texts" title="footer-text" icon="fa-solid fa-font" numcolumns="12">
            <column name="footer-text" description="footer-text-description" numcolumns="12" order="100">
                <widget type="textarea" fieldname="footertext"/>
            </column>
            <column name="footer-font-size" order="110">
                <widget type="number" decimals="0" min="1" max="50" fieldname="footerfontsize"
                        icon="fa-solid fa-text-height"/>
            </column>
            <column name="footer-text-align" order="120">
                <widget type="select" fieldname="footeralign" icon="fa-solid fa-align-left" translate="true" required="true">
                    <values>left</values>
                    <values>center</values>
                    <values>right</values>
                    <values>justify</values>
                </widget>
            </column>
            <column name="image-footer" title="image"  order="130">
                <widget type="library" fieldname="idimagefooter" icon="fa-solid fa-image" onclick="EditAttachedFile" accept=".gif,.jpg,.png"/>
            </column>
            <column name="image-footer-size" title="image-size" order="140">
                <widget type="number" decimals="0" min="0" max="400" fieldname="imagefootersize"
                        icon="fa-solid fa-arrows-alt-v" required="true"/>
            </column>
        </group>
        <group name="advanced" title="advanced" icon="fa-solid fa-toolbox" numcolumns="12">
            <column name="password" description="pdf-password-p" numcolumns="3" order="100">
                <widget type="text" fieldname="password" maxlength="15"/>
            </column>
            <column name="product-image-width" numcolumns="3" order="110">
                <widget type="number" fieldname="productimagewidth" decimals="0" min="25" max="120"/>
            </column>
            <column name="product-image-height" numcolumns="3" order="120">
                <widget type="number" fieldname="productimageheight" decimals="0" min="25" max="120"/>
            </column>
        </group>
    </columns>
    <rows>
        <row type="actions">
            <button type="action" label="preview" action="preview" color="secondary" icon="fa-solid fa-eye"/>
        </row>
    </rows>
</view>