<?xml version="1.0" encoding="UTF-8"?>
<table>
    <column>
        <name>creation_date</name>
        <type>timestamp</type>
    </column>
    <column>
        <name>id</name>
        <type>serial</type>
    </column>
    <column>
        <name>idcontacto</name>
        <type>integer</type>
    </column>
    <column>
        <name>idproducto</name>
        <type>integer</type>
    </column>
    <constraint>
        <name>portal_favorites_pkey</name>
        <type>PRIMARY KEY (id)</type>
    </constraint>
    <constraint>
        <name>uniq_portal_favorites</name>
        <type>UNIQUE (idproducto, idcontacto)</type>
    </constraint>
    <constraint>
        <name>ca_portal_favorites_contactos</name>
        <type>FOREIGN KEY (idcontacto) REFERENCES contactos (idcontacto) ON DELETE CASCADE ON UPDATE CASCADE</type>
    </constraint>
    <constraint>
        <name>ca_portal_favorites_productos</name>
        <type>FOREIGN KEY (idproducto) REFERENCES productos (idproducto) ON DELETE CASCADE ON UPDATE CASCADE</type>
    </constraint>
</table>