<?xml version="1.0" encoding="UTF-8"?>
<table>
    <column>
        <name>body</name>
        <type>text</type>
        <null>NO</null>
    </column>
    <column>
        <name>closed</name>
        <type>boolean</type>
    </column>
    <column>
        <name>creation_date</name>
        <type>timestamp</type>
    </column>
    <column>
        <name>id</name>
        <type>serial</type>
    </column>
    <column>
        <name>idcontacto</name>
        <type>integer</type>
    </column>
    <column>
        <name>last_comm_idcontacto</name>
        <type>integer</type>
    </column>
    <column>
        <name>last_update</name>
        <type>timestamp</type>
    </column>
    <column>
        <name>num_comments</name>
        <type>integer</type>
        <default>0</default>
    </column>
    <constraint>
        <name>portal_tickets_pkey</name>
        <type>PRIMARY KEY (id)</type>
    </constraint>
    <constraint>
        <name>ca_portal_tickets_contactos</name>
        <type>FOREIGN KEY (idcontacto) REFERENCES contactos (idcontacto) ON DELETE CASCADE ON UPDATE CASCADE</type>
    </constraint>
    <constraint>
        <name>ca_portal_tickets_contactos_comm</name>
        <type>FOREIGN KEY (last_comm_idcontacto) REFERENCES contactos (idcontacto) ON DELETE CASCADE ON UPDATE CASCADE</type>
    </constraint>
</table>