<?xml version="1.0" encoding="UTF-8"?>
<table>
    <column>
        <name>body</name>
        <type>text</type>
        <null>NO</null>
    </column>
    <column>
        <name>codcliente</name>
        <type>character varying(10)</type>
    </column>
    <column>
        <name>creation_date</name>
        <type>timestamp</type>
        <null>NO</null>
    </column>
    <column>
        <name>id</name>
        <type>serial</type>
        <null>NO</null>
    </column>
    <column>
        <name>idcontacto</name>
        <type>integer</type>
    </column>
    <column>
        <name>last_nick</name>
        <type>character varying(50)</type>
    </column>
    <column>
        <name>last_update</name>
        <type>timestamp</type>
    </column>
    <column>
        <name>nick</name>
        <type>character varying(50)</type>
    </column>
    <column>
        <name>title</name>
        <type>character varying(100)</type>
        <null>NO</null>
    </column>
    <constraint>
        <name>portal_notes_pkey</name>
        <type>PRIMARY KEY (id)</type>
    </constraint>
    <constraint>
        <name>ca_portal_notes_last_nick</name>
        <type>FOREIGN KEY (last_nick) REFERENCES users (nick) ON DELETE SET NULL ON UPDATE CASCADE</type>
    </constraint>
    <constraint>
        <name>ca_portal_notes_nick</name>
        <type>FOREIGN KEY (nick) REFERENCES users (nick) ON DELETE SET NULL ON UPDATE CASCADE</type>
    </constraint>
    <constraint>
        <name>ca_portal_notes_contactos</name>
        <type>FOREIGN KEY (idcontacto) REFERENCES contactos (idcontacto) ON DELETE CASCADE ON UPDATE CASCADE</type>
    </constraint>
    <constraint>
        <name>ca_portal_notes_clientes</name>
        <type>FOREIGN KEY (codcliente) REFERENCES clientes (codcliente) ON DELETE CASCADE ON UPDATE CASCADE</type>
    </constraint>
</table>