<?xml version="1.0" encoding="UTF-8"?>
<view>
    <columns>
        <group name="services" numcolumns="12" valign="bottom">
            <column name="name" display="none" order="0">
                <widget type="text" fieldname="name" readonly="true" required="true"/>
            </column>
            <column name="pattern" numcolumns="3" order="100">
                <widget type="text" fieldname="patron"/>
            </column>
            <column name="number-length" numcolumns="2" order="110">
                <widget type="number" fieldname="longnumero" decimal="0" min="1" required="true"/>
            </column>
            <column name="new-work-status" numcolumns="4" order="120">
                <widget type="select" fieldname="workstatus" translate="true" required="true">
                    <values title="do-nothing">0</values>
                    <values title="make-invoice">1</values>
                    <values title="invoiced">2</values>
                    <values title="make-delivery-note">3</values>
                    <values title="delivery-note">4</values>
                    <values title="make-estimation">5</values>
                    <values title="estimation">6</values>
                </widget>
            </column>
            <column name="allow-new-service-without-machine" order="130">
                <widget type="checkbox" fieldname="new_service_without_machine"/>
            </column>
            <column name="disable-stock-management" order="140">
                <widget type="checkbox" fieldname="disablestockmanagement"/>
            </column>
        </group>
        <group name="print-pdf" title="print-pdf" description="print-pdf-desc" icon="fa-solid fa-file-pdf" numcolumns="12" valign="bottom">
            <column name="pdf-footer-text" title="footer-text" numcolumns="12" order="100">
                <widget type="textarea" fieldname="print_pdf_footer_text" rows="4"/>
            </column>
            <column name="print-machine-info" order="110">
                <widget type="checkbox" fieldname="print_pdf_machine_info"/>
            </column>
            <column name="print-observations" order="120">
                <widget type="checkbox" fieldname="print_pdf_observations"/>
            </column>
            <column name="print-agent" order="130">
                <widget type="checkbox" fieldname="print_pdf_agent"/>
            </column>
            <column name="print-assigned" order="140">
                <widget type="checkbox" fieldname="print_pdf_assigned"/>
            </column>
            <column name="print-works" order="150">
                <widget type="checkbox" fieldname="print_pdf_works"/>
            </column>
            <column name="print-works-reference" order="160">
                <widget type="checkbox" fieldname="print_pdf_work_reference"/>
            </column>
            <column name="print-works-description" order="170">
                <widget type="checkbox" fieldname="print_pdf_work_description"/>
            </column>
            <column name="print-works-quantity" order="180">
                <widget type="checkbox" fieldname="print_pdf_work_quantity"/>
            </column>
            <column name="print-works-price" order="190">
                <widget type="checkbox" fieldname="print_pdf_work_price"/>
            </column>
        </group>
        <group name="print-ticket" title="print-ticket" description="print-ticket-desc" icon="fa-solid fa-receipt" numcolumns="12" valign="bottom">
            <column name="ticket-footer-text" title="ticket-footer-text" numcolumns="12" order="100">
                <widget type="textarea" fieldname="print_ticket_footer_text" rows="4"/>
            </column>
            <column name="print-machine-info" order="110">
                <widget type="checkbox" fieldname="print_ticket_machine_info"/>
            </column>
            <column name="print-observations" order="120">
                <widget type="checkbox" fieldname="print_ticket_observations"/>
            </column>
            <column name="print-agent" order="130">
                <widget type="checkbox" fieldname="print_ticket_agent"/>
            </column>
            <column name="print-assigned" order="140">
                <widget type="checkbox" fieldname="print_ticket_assigned"/>
            </column>
            <column name="print-works" order="150">
                <widget type="checkbox" fieldname="print_ticket_works"/>
            </column>
            <column name="print-works-reference" order="160">
                <widget type="checkbox" fieldname="print_ticket_work_reference"/>
            </column>
            <column name="print-works-description" order="170">
                <widget type="checkbox" fieldname="print_ticket_work_description"/>
            </column>
            <column name="print-works-quantity" order="180">
                <widget type="checkbox" fieldname="print_ticket_work_quantity"/>
            </column>
            <column name="print-works-price" order="190">
                <widget type="checkbox" fieldname="print_ticket_work_price"/>
            </column>
        </group>
        <group name="generate-document" title="generate-document" description="generate-document-desc" icon="fa-solid fa-file-invoice-dollar" numcolumns="12" valign="bottom">
            <column name="add-description" order="100">
                <widget type="checkbox" fieldname="document_description"/>
            </column>
            <column name="add-material" order="100">
                <widget type="checkbox" fieldname="document_material"/>
            </column>
            <column name="add-solution" order="100">
                <widget type="checkbox" fieldname="document_solution"/>
            </column>
            <column name="add-observations" order="100">
                <widget type="checkbox" fieldname="document_observations"/>
            </column>
            <column name="add-start-date" order="100">
                <widget type="checkbox" fieldname="document_start_date"/>
            </column>
            <column name="add-end-date" order="100">
                <widget type="checkbox" fieldname="document_end_date"/>
            </column>
            <column name="add-machine" order="100">
                <widget type="checkbox" fieldname="document_machine"/>
            </column>
        </group>
    </columns>
</view>