<?xml version="1.0" encoding="UTF-8"?>
<!--
 * This file is part of Servicios plugin for FacturaScripts
 * Copyright (C) 2020-2023 Carlos Garcia Gomez <carlos@facturascripts.com>
 *
 * This program is free software: you can redistribute it and/or modify
 * it under the terms of the GNU Lesser General Public License as
 * published by the Free Software Foundation, either version 3 of the
 * License, or (at your option) any later version.
 *
 * This program is distributed in the hope that it will be useful,
 * but WITHOUT ANY WARRANTY; without even the implied warranty of
 * MERCHANTABILITY or FITNESS FOR A PARTICULAR PURPOSE. See the
 * GNU Lesser General Public License for more details.
 *
 * You should have received a copy of the GNU Lesser General Public License
 * along with this program. If not, see <http://www.gnu.org/licenses/>.
 *
 * @author Carlos García Gómez <carlos@facturascripts.com>
-->
<view>
    <columns>
        <group name="data" numcolumns="12">
            <column name="code" display="none" order="90">
                <widget type="text" fieldname="codigo" required="true"/>
            </column>
            <column name="customer" titleurl="ListCliente" numcolumns="2" order="100">
                <widget type="autocomplete" fieldname="codcliente" onclick="EditCliente" required="true">
                    <values source="clientes" fieldcode="codcliente" fieldtitle="nombre"/>
                </widget>
            </column>
            <column name="phone" order="110">
                <widget type="text" fieldname="telefono1" maxlegth="30"/>
            </column>
            <column name="phone2" order="120">
                <widget type="text" fieldname="telefono2" maxlegth="30"/>
            </column>
            <column name="machine" title="machine" order="130">
                <widget type="autocomplete" fieldname="idmaquina" onclick="EditMaquinaAT">
                    <values source="serviciosat_maquinas" fieldcode="idmaquina" fieldtitle="nombre"/>
                </widget>
            </column>
            <column name="machine2" title="machine" display="none" order="140">
                <widget type="autocomplete" fieldname="idmaquina2" onclick="EditMaquinaAT">
                    <values source="serviciosat_maquinas" fieldcode="idmaquina" fieldtitle="nombre"/>
                </widget>
            </column>
            <column name="machine3" title="machine" display="none" order="150">
                <widget type="autocomplete" fieldname="idmaquina3" onclick="EditMaquinaAT">
                    <values source="serviciosat_maquinas" fieldcode="idmaquina" fieldtitle="nombre"/>
                </widget>
            </column>
            <column name="machine4" title="machine" display="none" order="160">
                <widget type="autocomplete" fieldname="idmaquina4" onclick="EditMaquinaAT">
                    <values source="serviciosat_maquinas" fieldcode="idmaquina" fieldtitle="nombre"/>
                </widget>
            </column>
            <column name="date" order="170">
                <widget type="date" fieldname="fecha" required="true"/>
            </column>
            <column name="hour" order="180">
                <widget type="time" fieldname="hora" required="true"/>
            </column>
            <column name="type" numcolumns="2" order="190">
                <widget type="select" fieldname="idtipo">
                    <values source="serviciosat_tipos" fieldcode="id" fieldtitle="name"/>
                </widget>
            </column>
            <column name="status" numcolumns="2" order="200">
                <widget type="select" fieldname="idestado" required="true">
                    <values source="serviciosat_estados" fieldcode="id" fieldtitle="nombre"/>
                </widget>
            </column>
        </group>
        <group name="notes" numcolumns="12">
            <column name="description" numcolumns="6" order="100">
                <widget type="textarea" fieldname="descripcion" rows="6"/>
            </column>
            <column name="material" numcolumns="6" order="110">
                <widget type="textarea" fieldname="material" rows="6"/>
            </column>
            <column name="solution" numcolumns="6" order="120">
                <widget type="textarea" fieldname="solucion" rows="6"/>
            </column>
            <column name="observations" numcolumns="6" order="130">
                <widget type="textarea" fieldname="observaciones" rows="6"/>
            </column>
        </group>
        <group name="more" numcolumns="12">
            <column name="user" order="100">
                <widget type="select" fieldname="nick">
                    <values source="users" fieldcode="nick" fieldtitle="nick"/>
                </widget>
            </column>
            <column name="assigned" order="110">
                <widget type="select" fieldname="asignado">
                    <values source="users" fieldcode="nick" fieldtitle="nick"/>
                </widget>
            </column>
            <column name="agent" titleurl="ListAgente" order="120">
                <widget type="select" fieldname="codagente" onclick="EditAgente">
                    <values source="agentes" fieldcode="codagente" fieldtitle="nombre"/>
                </widget>
            </column>
            <column name="warehouse" titleurl="ListAlmacen" order="130">
                <widget type="select" fieldname="codalmacen" onclick="EditAlmacen" required="true">
                    <values source="almacenes" fieldcode="codalmacen" fieldtitle="nombre"/>
                </widget>
            </column>
            <column name="company" display="none" order="140">
                <widget type="select" fieldname="idempresa" onclick="EditEmpresa" required="true" readonly="dinamic">
                    <values source="empresas" fieldcode="idempresa" fieldtitle="nombrecorto"/>
                </widget>
            </column>
            <column name="priority" numcolumns="2" order="150">
                <widget type="select" fieldname="idprioridad" required="true">
                    <values source="serviciosat_prioridades" fieldcode="id" fieldtitle="nombre"/>
                </widget>
            </column>
            <column name="net" order="160">
                <widget type="money" fieldname="neto" readonly="true"/>
            </column>
        </group>
    </columns>
</view>