<?xml version="1.0" encoding="UTF-8"?>
<!--
 * This file is part of Servicios plugin for FacturaScripts
 * Copyright (C) 2022 Carlos Garcia Gomez <carlos@facturascripts.com>
 *
 * This program is free software: you can redistribute it and/or modify
 * it under the terms of the GNU Lesser General Public License as
 * published by the Free Software Foundation, either version 3 of the
 * License, or (at your option) any later version.
 *
 * This program is distributed in the hope that it will be useful,
 * but WITHOUT ANY WARRANTY; without even the implied warranty of
 * MERCHANTABILITY or FITNESS FOR A PARTICULAR PURPOSE. See the
 * GNU Lesser General Public License for more details.
 *
 * You should have received a copy of the GNU Lesser General Public License
 * along with this program. If not, see <http://www.gnu.org/licenses/>.
 *
 * @author Daniel Fernández Giménez <hola@danielfg.es>
-->
<view>
    <columns>
        <column name="code" display="none" order="100">
            <widget type="text" fieldname="idservicio" readonly="true"/>
        </column>
        <column name="user" numcolumns="4" order="110">
            <widget type="autocomplete" fieldname="nick" readonly="true">
                <values source="users" fieldcode="nick" fieldtitle="nick"/>
            </widget>
        </column>
        <column name="ip" numcolumns="4" order="120">
            <widget type="text" fieldname="ip" readonly="true"/>
        </column>
        <column name="date" numcolumns="4" display="right" order="130">
            <widget type="date" fieldname="creationdate" readonly="true"/>
        </column>
        <column name="message" numcolumns="6" order="140">
            <widget type="textarea" fieldname="message" readonly="true"/>
        </column>
        <column name="context" numcolumns="6" order="150">
            <widget type="textarea" fieldname="context" readonly="true"/>
        </column>
    </columns>
</view>