<?xml version="1.0" encoding="UTF-8"?>
<!--
 * This file is part of Servicios plugin for FacturaScripts
 * Copyright (C) 2020 Carlos Garcia Gomez <carlos@facturascripts.com>
 *
 * This program is free software: you can redistribute it and/or modify
 * it under the terms of the GNU Lesser General Public License as
 * published by the Free Software Foundation, either version 3 of the
 * License, or (at your option) any later version.
 *
 * This program is distributed in the hope that it will be useful,
 * but WITHOUT ANY WARRANTY; without even the implied warranty of
 * MERCHANTABILITY or FITNESS FOR A PARTICULAR PURPOSE. See the
 * GNU Lesser General Public License for more details.
 *
 * You should have received a copy of the GNU Lesser General Public License
 * along with this program. If not, see <http://www.gnu.org/licenses/>.
 *
 * @author Carlos García Gómez <carlos@facturascripts.com>
-->
<view>
    <columns>
        <group name="data" numcolumns="12" valign="bottom">
            <column name="id" display="none" order="100">
                <widget type="text" fieldname="id" readonly="dinamic" />
            </column>
            <column name="name" order="110">
                <widget type="text" fieldname="nombre" required="true" />
            </column>
            <column name="default" order="120">
                <widget type="checkbox" fieldname="predeterminado" />
            </column>
        </group>
    </columns>
</view>