<?xml version="1.0" encoding="UTF-8"?>
<!--
 * This file is part of Servicios plugin FacturaScripts
 * Copyright (C) 2020-2022 Carlos Garcia Gomez <carlos@facturascripts.com>
 *
 * This program is free software: you can redistribute it and/or modify
 * it under the terms of the GNU Lesser General Public License as
 * published by the Free Software Foundation, either version 3 of the
 * License, or (at your option) any later version.
 *
 * This program is distributed in the hope that it will be useful,
 * but WITHOUT ANY WARRANTY; without even the implied warranty of
 * MERCHANTABILITY or FITNESS FOR A PARTICULAR PURPOSE. See the
 * GNU Lesser General Public License for more details.
 *
 * You should have received a copy of the GNU Lesser General Public License
 * along with this program. If not, see <http://www.gnu.org/licenses/>.
 *
 * @author Carlos García Gómez <carlos@facturascripts.com>
-->
<view>
    <columns>
        <group name="data" numcolumns="12">
            <column name="code" display="none" order="100">
                <widget type="text" fieldname="idtrabajo"/>
            </column>
            <column name="service" order="110">
                <widget type="text" fieldname="codigo"/>
            </column>
            <column name="customer" order="120">
                <widget type="autocomplete" fieldname="codcliente">
                    <values source="clientes" fieldcode="codcliente" fieldtitle="nombre"/>
                </widget>
            </column>
            <column name="from-date" order="130">
                <widget type="date" fieldname="fechainicio"/>
            </column>
            <column name="from-hour" order="140">
                <widget type="time" fieldname="horainicio"/>
            </column>
            <column name="until-date" order="150">
                <widget type="date" fieldname="fechafin"/>
            </column>
            <column name="until-hour" order="160">
                <widget type="time" fieldname="horafin"/>
            </column>
            <column name="user" order="170">
                <widget type="select" fieldname="nick">
                    <values source="users" fieldcode="nick" fieldtitle="nick"/>
                </widget>
            </column>
            <column name="agent" order="180">
                <widget type="select" fieldname="codagente">
                    <values source="agentes" fieldcode="codagente" fieldtitle="nombre"/>
                </widget>
            </column>
            <column name="observations" order="190">
                <widget type="textarea" fieldname="observaciones"/>
            </column>
            <column name="reference" display="none" order="200">
                <widget type="autocomplete" fieldname="referencia">
                    <values source="Variante" fieldcode="referencia" fieldtitle="referencia"/>
                </widget>
            </column>
            <column name="quantity" display="none" order="210">
                <widget type="number" fieldname="cantidad"/>
            </column>
            <column name="price" display="none" order="220">
                <widget type="money" fieldname="precio"/>
            </column>
            <column name="status" order="230">
                <widget type="select" fieldname="estado" translate="true" required="true">
                    <values title="do-nothing">0</values>
                    <values title="make-invoice">1</values>
                    <values title="invoiced">2</values>
                    <values title="make-delivery-note">3</values>
                    <values title="delivery-note">4</values>
                    <values title="make-estimation">5</values>
                    <values title="estimation">6</values>
                </widget>
            </column>
            <column name="description" order="240">
                <widget type="textarea" fieldname="descripcion"/>
            </column>
        </group>
    </columns>
</view>