<?xml version="1.0" encoding="UTF-8"?>
<table>
    <column>
        <name>id</name>
        <type>serial</type>
        <null>NO</null>
    </column>
    <column>
        <name>woo_id</name>
        <type>integer</type>
    </column>
    <column>
        <name>woo_product_name</name>
        <type>character varying(200)</type>
    </column>
        <column>
        <name>woo_price</name>
        <type>double precision</type>
    </column>
    <column>
        <name>woo_status</name>
        <type>character varying(20)</type>
    </column>
        <column>
        <name>vinculado</name>
        <type>character varying(3)</type>
    </column>
    <column>
        <name>woo_permalink</name>
        <type>text</type>
    </column>
    <column>
        <name>creation_date</name>
        <type>timestamp</type>
    </column>
    <constraint>
        <name>woocommerce_read_only_pkey</name>
        <type>PRIMARY KEY (id)</type>
    </constraint>
</table>
