<?xml version="1.0" encoding="UTF-8"?>
<!--
 * Copyright (C) 2024 Daniel Fernández Giménez <hola@danielfg.es>
 * @author Daniel Fernández Giménez <hola@danielfg.es>
-->
<view>
    <columns>
        <column name="code" order="100">
            <widget type="text" fieldname="id"/>
        </column>
        <column name="contact" order="110">
            <widget type="autocomplete" fieldname="idcontacto">
                <values source="contactos" fieldcode="idcontacto" fieldtitle="pc_nick"/>
            </widget>
        </column>
        <column name="message" order="120">
            <widget type="textarea" fieldname="body"/>
        </column>
        <column name="last-update" display="right" order="130">
            <widget type="datetime" fieldname="last_update"/>
        </column>
        <column name="creation-date" display="right" order="140">
            <widget type="datetime" fieldname="creation_date"/>
        </column>
    </columns>
    <rows>
        <row type="status">
            <option color="success" fieldname="closed" title="closed">1</option>
        </row>
    </rows>
</view>