<?xml version="1.0" encoding="UTF-8"?>
<!--
    This file is part of HumanResources plugin for FacturaScripts.
    FacturaScripts  Copyright (C) 2015-2025 Carlos Garcia Gomez <carlos@facturascripts.com>
    HumanResources  Copyright (C) 2018-2025 Jose Antonio Cuello Principal <yopli2000@gmail.com>

    This program and its files are under the terms of the license specified in the LICENSE file.

    Document   : EditOvertimeClosing.xml
    Author     : Jose Antonio Cuello    <yopli2000@gmail.com>
    Description:
        Initial description for the controller EditOvertimeClosing
-->
<view>
    <columns>
        <column name="code" numcolumns="2" display="none" order="100">
            <widget type="text" fieldname="id" readonly="true" />
        </column>
        <column name="company" numcolumns="3" order="110">
            <widget type="select" fieldname="idcompany" required="true">
                <values source="empresas" fieldcode="idempresa" fieldtitle="nombrecorto" />
            </widget>
        </column>
        <column name="starting-date" numcolumns="3" order="210">
            <widget type="date" fieldname="startdate" required="true" icon="fa-solid fa-sign-in-alt" />
        </column>
        <column name="end-date" numcolumns="3" order="220">
            <widget type="date" fieldname="enddate" required="true" icon="fa-solid fa-sign-out-alt" />
        </column>
    </columns>
</view>
