<?xml version="1.0" encoding="UTF-8"?>
<!--
    This file is part of HumanResources plugin for FacturaScripts.
    FacturaScripts  Copyright (C) 2015-2025 Carlos Garcia Gomez <carlos@facturascripts.com>
    HumanResources  Copyright (C) 2018-2025 Jose Antonio Cuello Principal <yopli2000@gmail.com>

    This program and its files are under the terms of the license specified in the LICENSE file.

    Document   : EditDocumentType.xml
    Author     : Jose Antonio Cuello    <yopli2000@gmail.com>
    Description:
         Initial description for the controller EditDocumentType
-->
<view>
    <columns>
	<column name="code" display = "none" numcolumns="2" order="100">
	    <widget type="text" fieldname="id" decimal="0" min="0" readonly="true" required = "true" />
	</column>
	<column name="name" order="120">
	    <widget type="text" fieldname="name" maxlength="50" required="true" />
	</column>
    </columns>
</view>