<?xml version="1.0" encoding="UTF-8"?>
<!--
    This file is part of HumanResources plugin for FacturaScripts.
    FacturaScripts  Copyright (C) 2015-2025 Carlos Garcia Gomez <carlos@facturascripts.com>
    HumanResources  Copyright (C) 2018-2025 Jose Antonio Cuello Principal <yopli2000@gmail.com>

    This program and its files are under the terms of the license specified in the LICENSE file.

    Document   : EditPayRoll.xml
    Author     : Jose Antonio Cuello    <yopli2000@gmail.com>
    Description:
        Initial description for the controller EditPayRoll
-->
<view>
    <columns>
        <group name="id" numcolumns="6" >
            <column name="code" numcolumns="2" order="100">
                <widget type="text" fieldname="id" readonly="true" />
            </column>
            <column name="company" numcolumns="4" order="110">
                <widget type="select" fieldname="idcompany">
                    <values source="empresas" fieldcode="idempresa" fieldtitle="nombrecorto" />
                </widget>
            </column>
            <column name="description" numcolumns="6" order="120">
                <widget type="text" fieldname="name" required="true" />
            </column>
            <column name="date" numcolumns="4" order="210">
                <widget type="date" fieldname="creationdate" icon="fa-solid fa-calendar" />
            </column>
            <column name="starting-date" numcolumns="4" order="210">
                <widget type="date" fieldname="startdate" icon="fa-solid fa-sign-in-alt" />
            </column>
            <column name="end-date" numcolumns="4" order="220">
                <widget type="date" fieldname="enddate" icon="fa-solid fa-sign-out-alt" />
            </column>
        </group>
        <group name="other" numcolumns="6" >
            <column name="notes" numcolumns="12" order="100">
                <widget type="textarea" rows="5" fieldname="note" />
            </column>
        </group>
    </columns>
</view>
