<?xml version="1.0" encoding="UTF-8"?>
<!--
    This file is part of HumanResources plugin for FacturaScripts.
    FacturaScripts  Copyright (C) 2015-2025 Carlos Garcia Gomez <carlos@facturascripts.com>
    HumanResources  Copyright (C) 2018-2025 Jose Antonio Cuello Principal <yopli2000@gmail.com>

    This program and its files are under the terms of the license specified in the LICENSE file.

    Document   : ListHolidayUser.xml
    Author     : Jose Antonio Cuello    <yopli2000@gmail.com>
    Description:
        Initial description for the controller ListHolidayUser
-->
<view>
    <columns>
        <column name="code" order="100">
            <widget type="text" fieldname="id" />
        </column>
        <column name="starting-date" order="120">
            <widget type="date" fieldname="startdate" />
        </column>
        <column name="end-date" order="130">
            <widget type="date" fieldname="enddate" />
        </column>
        <column name="totaldays" display="center" order="140">
            <widget type="number" decimal="0" fieldname="totaldays" />
        </column>
    </columns>
    <rows>
        <row type="header">
            <group name="summary" id="holiday-summary" html="Block/EmployeeHolidayInfo.html.twig" />
        </row>
    </rows>
</view>
