<?xml version="1.0" encoding="UTF-8"?>
<!--
    This file is part of HumanResources plugin for FacturaScripts.
    FacturaScripts  Copyright (C) 2015-2025 Carlos Garcia Gomez <carlos@facturascripts.com>
    HumanResources  Copyright (C) 2018-2025 Jose Antonio Cuello Principal <yopli2000@gmail.com>

    This program and its files are under the terms of the license specified in the LICENSE file.

    Document   : ListEmployeePayRollSalary.xml
    Author     : Jose Antonio Cuello    <yopli2000@gmail.com>
    Description:
        Initial description for the controller ListEmployeePayRollSalary
-->
<view>
    <columns>
        <column name="code" numcolumns="2" display="none" order="100">
            <widget type="text" fieldname="id" readonly="true" />
        </column>
        <column name="employeepayroll" numcolumns="2" display="none" order="100">
            <widget type="text" fieldname="idemployeepayroll" readonly="true" />
        </column>
        <column name="employee" numcolumns="4" display="none" order="100">
            <widget type="text" fieldname="idemployee" readonly="true" />
        </column>
        <column name="channel" numcolumns="1" order="110">
            <widget type="number" decimal="0" fieldname="channel" />
        </column>
        <column name="concept" numcolumns="3" order="120">
            <widget type="select" fieldname="idsalaryconcept" required="true">
                <values source="rrhh_salaryconcepts" fieldcode="id" fieldtitle="name" />
            </widget>
        </column>
        <column name="calculation" numcolumns="2" order="130">
            <widget type="select" fieldname="calculation" required="true" translate="true">
                <values title="unitary">1</values>
                <values title="quantity">2</values>
                <values title="percentage">80</values>
                <values title="total">99</values>
            </widget>
        </column>
        <column name="quantity" display="right" numcolumns="2" order="140">
            <widget type="number" decimal="2" min="0" fieldname="quantity" required="true" />
        </column>
        <column name="amount" display="right" numcolumns="2" order="150">
            <widget type="money" min="0" fieldname="amount" required="true" />
        </column>
        <column name="total" display="right" numcolumns="2" order="150">
            <widget type="money" fieldname="total" />
        </column>
        <column name="position" numcolumns="1" order="160">
            <widget type="select" fieldname="position" translate="true">
                <values title="debit">1</values>
                <values title="credit">2</values>
            </widget>
        </column>
        <column name="subaccount" order="170">
            <widget type="autocomplete" fieldname="codsubaccount" required="true">
                <values source="subcuentas" fieldcode="codsubcuenta" fieldtitle="descripcion" />
            </widget>
        </column>
    </columns>
    <rows>
        <row type="status" fieldname="calculation">
            <option color="success" title="total">99</option>
        </row>
    </rows>
</view>
