<?xml version="1.0" encoding="UTF-8"?>
<!--
    Document   : shopeame_orders_lines.xml
    Author     : Carlos Garcia Gomez
    Description:
        Structure for the shopeame_orders_lines table.
-->
<table>
    <column>
        <name>description</name>
        <type>text</type>
    </column>
    <column>
        <name>id</name>
        <type>serial</type>
        <null>NO</null>
    </column>
    <column>
        <name>idorder</name>
        <type>integer</type>
        <null>NO</null>
    </column>
    <column>
        <name>price</name>
        <type>double precision</type>
        <null>NO</null>
    </column>
    <column>
        <name>quantity</name>
        <type>double precision</type>
        <null>NO</null>
    </column>
    <column>
        <name>pcttax</name>
        <type>double precision</type>
        <default>0</default>
    </column>
    <column>
        <name>reference</name>
        <type>character varying(30)</type>
    </column>
    <column>
        <name>totaltaxex</name>
        <type>double precision</type>
        <null>NO</null>
    </column>
    <column>
        <name>totaltaxin</name>
        <type>double precision</type>
        <null>NO</null>
    </column>
    <constraint>
        <name>shopeame_orders_lines_pkey</name>
        <type>PRIMARY KEY (id)</type>
    </constraint>
    <constraint>
        <name>ca_shopeame_orders_lines_orders</name>
        <type>FOREIGN KEY (idorder) REFERENCES shopeame_orders (id) ON DELETE CASCADE ON UPDATE CASCADE</type>
    </constraint>
</table>