<?xml version="1.0" encoding="UTF-8"?>
<!--
 * This file is part of HumanResources plugin for FacturaScripts.
 * FacturaScripts Copyright (C) 2015-2025 Carlos Garcia Gomez <carlos@facturascripts.com>
 * HumanResources Copyright (C) 2018-2025 Jose Antonio Cuello Principal <yopli2000@gmail.com>
 *
 * This program and its files are under the terms of the license specified in the LICENSE file.
 *
 * @author Jose Antonio Cuello Principal <yopli2000@gmail.com>
-->
<view>
    <columns>
        <column name="name" order="105">
            <widget type="text" fieldname="nombre" />
        </column>
        <column name="department" order="155">
            <widget type="text" fieldname="departamento" />
        </column>
    </columns>
</view>