<?xml version="1.0" encoding="UTF-8"?>
<table>
    <column>
        <name>context</name>
        <type>text</type>
    </column>
    <column>
        <name>creationdate</name>
        <type>timestamp</type>
        <null>NO</null>
    </column>
    <column>
        <name>id</name>
        <type>serial</type>
        <null>NO</null>
    </column>
    <column>
        <name>idservicio</name>
        <type>integer</type>
    </column>
    <column>
        <name>ip</name>
        <type>character varying(40)</type>
    </column>
    <column>
        <name>message</name>
        <type>text</type>
        <null>NO</null>
    </column>
    <column>
        <name>nick</name>
        <type>character varying(50)</type>
    </column>
    <constraint>
        <name>serviciosat_logs_pkey</name>
        <type>PRIMARY KEY (id)</type>
    </constraint>
    <constraint>
        <name>ca_serviciosat_logs_users</name>
        <type>FOREIGN KEY (nick) REFERENCES users (nick) ON DELETE SET NULL ON UPDATE CASCADE</type>
    </constraint>
</table>