<?xml version='1.0' encoding='UTF-8'?>
<!--
    Document   : serviciosat_checks.xml
    Description:
        Estructura de la tabla serviciosat_checks.
-->
<table>
    <column>
        <name>id</name>
        <type>serial</type>
        <null>NO</null>
    </column>
    <column>
        <name>idcategory</name>
        <type>integer</type>
        <null>NO</null>
    </column>
    <column>
        <name>name</name>
        <type>character varying(100)</type>
        <null>NO</null>
    </column>
    <column>
        <name>priority</name>
        <type>integer</type>
        <null>NO</null>
    </column>

    <constraint>
        <name>serviciosat_checks_pkey</name>
        <type>PRIMARY KEY (id)</type>
    </constraint>
    <constraint>
        <name>serviciosat_checks_categories</name>
        <type>FOREIGN KEY (idcategory) REFERENCES serviciosat_categorias (id) ON DELETE CASCADE ON UPDATE CASCADE</type>
    </constraint>
</table>