<?xml version='1.0' encoding='UTF-8'?>
<!--
    Document   : serviciosat_categorias.xml
    Description:
        Estructura de la tabla serviciosat_categorias.
-->
<table>
    <column>
        <name>id</name>
        <type>serial</type>
        <null>NO</null>
    </column>
    <column>
        <name>name</name>
        <type>character varying(100)</type>
        <null>NO</null>
    </column>

    <constraint>
        <name>serviciosat_categorias_pkey</name>
        <type>PRIMARY KEY (id)</type>
    </constraint>
</table>