<?xml version="1.0" encoding="UTF-8"?>
<!--
    Document   : serviciosat_tipos.xml
    Description:
        Estructura de la tabla serviciosat_tipos.
-->
<table>
    <column>
        <name>id</name>
        <type>serial</type>
        <null>NO</null>
    </column>
    <column>
        <name>default</name>
        <type>boolean</type>
    </column>
    <column>
        <name>name</name>
        <type>character varying(50)</type>
    </column>
    <constraint>
        <name>serviciosat_tipos_pkey</name>
        <type>PRIMARY KEY (id)</type>
    </constraint>
</table>