<?xml version="1.0" encoding="UTF-8"?>
<!--
    Document   : serviciosat_estados.xml
    Description:
        Estructura de la tabla serviciosat_estados.
-->
<table>
    <column>
        <name>asignado</name>
        <type>character varying(50)</type>
    </column>
    <column>
        <name>color</name>
        <type>character varying(10)</type>
    </column>
    <column>
        <name>editable</name>
        <type>boolean</type>
    </column>
    <column>
        <name>id</name>
        <type>serial</type>
        <null>NO</null>
    </column>
    <column>
        <name>nombre</name>
        <type>character varying(50)</type>
    </column>
    <column>
        <name>notificaragente</name>
        <type>boolean</type>
        <default>false</default>
    </column>
    <column>
        <name>notificarasignado</name>
        <type>boolean</type>
        <default>false</default>
    </column>
    <column>
        <name>notificarcliente</name>
        <type>boolean</type>
        <default>false</default>
    </column>
    <column>
        <name>notificarusuario</name>
        <type>boolean</type>
        <default>false</default>
    </column>
    <column>
        <name>predeterminado</name>
        <type>boolean</type>
    </column>
    <constraint>
        <name>serviciosat_estados_pkey</name>
        <type>PRIMARY KEY (id)</type>
    </constraint>
    <constraint>
        <name>ca_serviciosat_estados_users</name>
        <type>FOREIGN KEY (asignado) REFERENCES users (nick) ON DELETE SET NULL ON UPDATE CASCADE</type>
    </constraint>
</table>