<?xml version="1.0" encoding="UTF-8"?>
<!--
    Document   : serviciosat_prioridades.xml
    Description:
        Estructura de la tabla serviciosat_prioridades.
-->
<table>
    <column>
        <name>id</name>
        <type>serial</type>
        <null>NO</null>
    </column>
    <column>
        <name>nombre</name>
        <type>character varying(50)</type>
    </column>
    <column>
        <name>predeterminado</name>
        <type>boolean</type>
    </column>
    <constraint>
        <name>serviciosat_prioridades_pkey</name>
        <type>PRIMARY KEY (id)</type>
    </constraint>
</table>