<?xml version="1.0" encoding="UTF-8"?>
<view>
    <columns>
        <column name="project" order="185">
            <widget type="select" fieldname="idproyecto" onclick="EditProyecto">
                <values source="proyectos" fieldcode="idproyecto" fieldtitle="nombre"/>
            </widget>
        </column>
    </columns>
    <modals>
        <group name="link-up-PedidoCliente" title="link-document" icon="fa-solid fa-link">
            <column name="linkupcode" title="code">
                <widget type="autocomplete" fieldname="linkupcode" required="true">
                    <values source="pedidoscli" fieldcode="idpedido" fieldtitle="codigo"/>
                </widget>
            </column>
        </group>
    </modals>
</view>