<?xml version="1.0" encoding="UTF-8"?>
<view>
    <columns>
        <group name="projects" title="name" icon="fa-solid fa-hashtag" numcolumns="12">
            <column name="name" display="none" order="0">
                <widget type="text" fieldname="name" readonly="true" required="true"/>
            </column>
            <column name="pattern" numcolumns="3" order="100">
                <widget type="text" fieldname="patron" required="true"/>
            </column>
            <column name="number-length" numcolumns="3" order="110">
                <widget type="number" fieldname="longnumero" decimal="0" min="1" required="true"/>
            </column>
        </group>
        <group name="stock" title="stock" icon="fa-solid fa-dolly" numcolumns="12">
            <column name="show-project-stock" order="100">
                <widget type="checkbox" fieldname="stock"/>
            </column>
            <column name="burn-project-stock" order="110">
                <widget type="checkbox" fieldname="burnstock"/>
            </column>
        </group>
    </columns>
</view>