<?xml version="1.0" encoding="UTF-8"?>
<view>
    <columns>
        <group name="main">
            <column name="code" display="none" order="100">
                <widget type="text" fieldname="idproyecto"/>
            </column>
            <column name="description" numcolumns="12" order="110">
                <widget type="textarea" fieldname="descripcion" required="true" rows="8"/>
            </column>
            <column name="name" description="optional" order="120">
                <widget type="text" fieldname="nombre" readonly="dinamic"/>
            </column>
            <column name="date" order="130">
                <widget type="date" fieldname="fecha" readonly="true" required="true"/>
            </column>
            <column name="start-date" order="140">
                <widget type="date" fieldname="fechainicio"/>
            </column>
            <column name="end-date" order="150">
                <widget type="date" fieldname="fechafin"/>
            </column>
            <column name="status" titleurl="AdminProyectos" order="160">
                <widget type="select" fieldname="idestado" required="true">
                    <values source="proyectos_estados" fieldcode="idestado" fieldtitle="nombre"/>
                </widget>
            </column>
        </group>
        <group name="advanced" numcolumns="12" valign="bottom">
            <column name="company" order="100">
                <widget type="select" fieldname="idempresa" onclick="EditEmpresa" required="true">
                    <values source="empresas" fieldcode="idempresa" fieldtitle="nombrecorto"/>
                </widget>
            </column>
            <column name="customer" order="110">
                <widget type="autocomplete" fieldname="codcliente" onclick="EditCliente">
                    <values source="clientes" fieldcode="codcliente" fieldtitle="nombre"/>
                </widget>
            </column>
            <column name="admin" order="120">
                <widget type="select" fieldname="nick" required="true">
                    <values source="users" fieldcode="nick" fieldtitle="nick"/>
                </widget>
            </column>
            <column name="private" order="130">
                <widget type="checkbox" fieldname="privado"/>
            </column>
        </group>
        <group name="totals" numcolumns="12">
            <column name="total-purchases" order="100">
                <widget type="money" fieldname="totalcompras" readonly="true"/>
            </column>
            <column name="total-pending-invoice" order="110">
                <widget type="money" fieldname="totalpendientefacturar" readonly="true"/>
            </column>
            <column name="total-sales" order="120">
                <widget type="money" fieldname="totalventas" readonly="true"/>
            </column>
        </group>
    </columns>
</view>