<?xml version="1.0" encoding="UTF-8"?>
<view>
    <columns>
        <group name="main" numcolumns="12">
            <column name="code" display="none" order="100">
                <widget type="text" fieldname="idtarea"/>
            </column>
            <column name="project" titleurl="ListProyecto" order="110">
                <widget type="autocomplete" fieldname="idproyecto" readonly="dinamic" required="true"
                        onclick="EditProyecto">
                    <values source="proyectos" fieldcode="idproyecto" fieldtitle="nombre"/>
                </widget>
            </column>
            <column name="title" numcolumns="6" order="120">
                <widget type="text" fieldname="nombre" maxlength="100" required="true"/>
            </column>
            <column name="phase" titleurl="AdminProyectos" order="130">
                <widget type="select" fieldname="idfase" required="true">
                    <values source="tareas_fases" fieldcode="idfase" fieldtitle="nombre"/>
                </widget>
            </column>
            <column name="description" numcolumns="12" order="140">
                <widget type="textarea" fieldname="descripcion" rows="8"/>
            </column>
        </group>
        <group name="advanced" numcolumns="12">
            <column name="date" order="100">
                <widget type="date" fieldname="fecha" readonly="true" required="true"/>
            </column>
            <column name="quantity" order="110">
                <widget type="number" min="1" fieldname="cantidad" decimal="0" required="true"/>
            </column>
            <column name="start-date" order="120">
                <widget type="date" fieldname="fechainicio"/>
            </column>
            <column name="end-date" order="130">
                <widget type="date" fieldname="fechafin"/>
            </column>
        </group>
    </columns>
</view>