<?xml version="1.0" encoding="UTF-8"?>
<view>
    <columns>
        <column name="code" display="none" order="100">
            <widget type="text" fieldname="idtarea" />
        </column>
        <column name="company" display="none" order="110">
            <widget type="select" fieldname="idempresa">
                <values source="empresas" fieldcode="idempresa" fieldtitle="nombrecorto" />
            </widget>
        </column>
        <column name="project" order="120">
            <widget type="select" fieldname="idproyecto">
                <values source="proyectos" fieldcode="idproyecto" fieldtitle="nombre" />
            </widget>
        </column>
        <column name="title" order="130">
            <widget type="text" fieldname="nombre" />
        </column>
        <column name="description" order="140">
            <widget type="textarea" fieldname="descripcion" />
        </column>
        <column name="quantity" order="150">
            <widget type="integer" fieldname="cantidad" />
        </column>
        <column name="start-date" display="right" order="160">
            <widget type="date" fieldname="fechainicio" />
        </column>
        <column name="end-date" display="left" order="170">
            <widget type="date" fieldname="fechafin" />
        </column>
        <column name="phase" display="right" order="180">
            <widget type="select" fieldname="idfase">
                <values source="tareas_fases" fieldcode="idfase" fieldtitle="nombre" />
            </widget>
        </column>
        <column name="date" display="right" order="190">
            <widget type="date" fieldname="fecha" />
        </column>
    </columns>
    <modals>
        <group name="import-task" title="import-tasks-from-another-project" icon="fa-solid fa-file-import">
            <column name="project">
                <widget type="autocomplete" fieldname="idproyecto" required="true">
                    <values source="proyectos" fieldcode="idproyecto" fieldtitle="nombre"/>
                </widget>
            </column>
        </group>
    </modals>
    <rows>
        <row type="status">
            <option color="danger" fieldname="idfase" title="canceled">4</option>
            <option color="success" fieldname="idfase" title="completed">3</option>
            <option color="warning" fieldname="idfase" title="processing">2</option>
        </row>
    </rows>
</view>