<?xml version="1.0" encoding="UTF-8"?>
<view>
    <columns>
        <group name="data" numcolumns="12">
            <column name="idgrupotexto" display="none" order="100">
                <widget type="text" fieldname="idgrupotexto" />
            </column>
            <column name="date" numcolumns="2"  order="110">
                <widget type="date" fieldname="fecha" readonly="true" />
            </column>
            <column name="group-name" numcolumns="6" order="120">
                <widget type="text" fieldname="nombregrupo" />
            </column>
        </group>
    </columns>
</view>
