<?xml version="1.0" encoding="UTF-8"?>
<!--
 * Copyright (C) 2019-2022 Carlos Garcia Gomez <carlos@facturascripts.com>
-->
<view>
    <columns>
        <column name="id" display="none" order="100">
            <widget type="text" fieldname="id" onclick="EditFormatoDocumento"/>
        </column>
        <column name="name" order="110">
            <widget type="text" fieldname="nombre"/>
        </column>
        <column name="doc-type" order="120">
            <widget type="text" fieldname="tipodoc"/>
        </column>
        <column name="company" order="130">
            <widget type="select" fieldname="idempresa">
                <values source="empresas" fieldcode="idempresa" fieldtitle="nombrecorto"/>
            </widget>
        </column>
        <column name="serie" order="140">
            <widget type="text" fieldname="codserie"/>
        </column>
        <column name="title" order="150">
            <widget type="text" fieldname="titulo"/>
        </column>
        <column name="end-text" order="160">
            <widget type="textarea" fieldname="texto"/>
        </column>
    </columns>
    <rows>
        <row type="status">
            <option color="info" fieldname="autoaplicar" title="optional">0</option>
        </row>
    </rows>
</view>