<?xml version="1.0" encoding="UTF-8"?>
<!--
 * Copyright (C) 2022-2023 Carlos Garcia Gomez <carlos@facturascripts.com>
 * Author Daniel Fernández Giménez <hola@danielfg.es>
-->
<view>
    <columns>
        <column name="code" display="none" order="90">
            <widget type="text" fieldname="idcaja"/>
        </column>
        <column name="start-date" order="100">
            <widget type="datetime" fieldname="fechaini"/>
        </column>
        <column name="start-money" display="right" order="110">
            <widget type="money" fieldname="dineroini"/>
        </column>
        <column name="income" display="right" order="120">
            <widget type="money" fieldname="ingresos"/>
        </column>
        <column name="total-movements" display="right" order="130">
            <widget type="money" fieldname="totalmovi"/>
        </column>
        <column name="total-in-box" display="right" order="140">
            <widget type="money" fieldname="totalcaja"/>
        </column>
        <column name="end-money" display="right" order="150">
            <widget type="money" fieldname="dinerofin"/>
        </column>
        <column name="difference" display="right" order="160">
            <widget type="money" fieldname="diferencia"/>
        </column>
        <column name="total-sales" display="right" order="170">
            <widget type="money" fieldname="totaltickets"/>
        </column>
        <column name="tickets" order="180">
            <widget type="number" fieldname="numtickets"/>
        </column>
        <column name="end-date" order="190">
            <widget type="datetime" fieldname="fechafin"/>
        </column>
        <column name="user" order="200">
            <widget type="select" fieldname="nick">
                <values source="users" fieldcode="nick" fieldtitle="nick"/>
            </widget>
        </column>
        <column name="observations" order="210">
            <widget type="textarea" fieldname="observaciones"/>
        </column>
    </columns>
    <rows>
        <row type="status">
            <option color="success" fieldname="fechafin" title="open">null:</option>
            <option color="warning" fieldname="fechafin" title="closed">notnull:</option>
        </row>
    </rows>
</view>