<?xml version="1.0" encoding="UTF-8"?>
<!--
    This file is part of HumanResources plugin for FacturaScripts.
    FacturaScripts  Copyright (C) 2015-2025 Carlos Garcia Gomez <carlos@facturascripts.com>
    HumanResources  Copyright (C) 2018-2025 Jose Antonio Cuello Principal <yopli2000@gmail.com>

    This program and its files are under the terms of the license specified in the LICENSE file.

    Document   : rrhh_overtimeclosing.xml
    Author     : Jose Antonio Cuello    <yopli2000@gmail.com>
    Description:
        Structure for the overtime closing table.
-->
<table>
    <column>
        <name>enddate</name>
        <type>date</type>
        <null>NO</null>
    </column>
    <column>
        <name>id</name>
        <type>serial</type>
        <null>NO</null>
    </column>
    <column>
        <name>idcompany</name>
        <type>integer</type>
        <null>NO</null>
    </column>
    <column>
        <name>startdate</name>
        <type>date</type>
        <null>NO</null>
    </column>

    <!-- Constraints -->
    <constraint>
        <name>rrhh_overtimeclosing_pkey</name>
        <type>PRIMARY KEY (id)</type>
    </constraint>
    <constraint>
        <name>ca_rrhh_overtimeclosing_empresas</name>
        <type>FOREIGN KEY (idcompany) REFERENCES empresas (idempresa) ON DELETE CASCADE ON UPDATE CASCADE</type>
    </constraint>
</table>