<?xml version="1.0" encoding="UTF-8"?>
<table>
    <column>
        <name>id</name>
        <type>serial</type>
        <null>NO</null>
    </column>
    <column>
        <name>name</name>
        <type>character varying(100)</type>
        <null>NO</null>
    </column>
    <column>
        <name>description</name>
        <type>text</type>
    </column>
    <column>
        <name>host</name>
        <type>character varying(150)</type>
        <null>NO</null>
    </column>
    <column>
        <name>port</name>
        <type>integer</type>
        <default>8443</default>
    </column>
    <column>
        <name>auth_type</name>
        <type>character varying(20)</type>
        <default>api_key</default>
    </column>
    <column>
        <name>api_key</name>
        <type>text</type>
    </column>
    <column>
        <name>username</name>
        <type>character varying(100)</type>
    </column>
    <column>
        <name>password</name>
        <type>character varying(255)</type>
    </column>
    <column>
        <name>verify_ssl</name>
        <type>boolean</type>
        <default>true</default>
    </column>
    <column>
        <name>timeout</name>
        <type>integer</type>
        <default>30</default>
    </column>
    <column>
        <name>active</name>
        <type>boolean</type>
        <default>true</default>
    </column>
    <column>
        <name>created_at</name>
        <type>timestamp</type>
        <default>CURRENT_TIMESTAMP</default>
    </column>
    <column>
        <name>updated_at</name>
        <type>timestamp</type>
    </column>
    <constraint>
        <name>plesk_servers_pkey</name>
        <type>PRIMARY KEY (id)</type>
    </constraint>
    <constraint>
        <name>plesk_servers_name_unique</name>
        <type>UNIQUE (name)</type>
    </constraint>
</table>
