<?xml version="1.0" encoding="UTF-8"?>
<!--
    This file is part of the DocumentosRecurrentes plugin for FacturaScripts.
    FacturaScripts         Copyright (C) 2015-2025 Carlos Garcia Gomez <carlos@facturascripts.com>
    DocumentosRecurrentes  Copyright (C) 2020-2025 Jose Antonio Cuello Principal <yopli2000@gmail.com>

    Document   : docrecurrentes_purchaselines.xml
    Author     : Carlos Garcia Gomez    <carlos@facturascripts.com>
    Author     : Jose Antonio Cuello    <yopli2000@gmail.com>
    Description:
        Structure for the document recurring purchase lines table.
-->
<table>
    <column>
        <name>codimpuesto</name>
        <type>character varying(10)</type>
    </column>
    <column>
        <name>discount</name>
        <type>double precision</type>
    </column>
    <column>
        <name>id</name>
        <type>serial</type>
        <null>NO</null>
    </column>
    <column>
        <name>iddoc</name>
        <type>integer</type>
        <null>NO</null>
    </column>
    <column>
        <name>idproduct</name>
        <type>integer</type>
    </column>
    <column>
        <name>irpf</name>
        <type>double precision</type>
    </column>
    <column>
        <name>name</name>
        <type>text</type>
    </column>
    <column>
        <name>price</name>
        <type>double precision</type>
    </column>
    <column>
        <name>quantity</name>
        <type>double precision</type>
        <null>NO</null>
    </column>
    <column>
        <name>reference</name>
        <type>character varying(30)</type>
    </column>
    <constraint>
        <name>docrecurrentes_purchaselines_pkey</name>
        <type>PRIMARY KEY (id)</type>
    </constraint>
    <constraint>
        <name>ca_docrecurrentes_purchaselines_docs</name>
        <type>FOREIGN KEY (iddoc) REFERENCES docrecurrentes_purchase (id) ON DELETE CASCADE ON UPDATE CASCADE</type>
    </constraint>
    <constraint>
        <name>ca_docrecurrentes_purchaselines_impuestos</name>
        <type>FOREIGN KEY (codimpuesto) REFERENCES impuestos (codimpuesto) ON DELETE SET NULL ON UPDATE CASCADE</type>
    </constraint>
    <constraint>
        <name>ca_docrecurrentes_purchaselines_productos</name>
        <type>FOREIGN KEY (idproduct) REFERENCES productos (idproducto) ON DELETE CASCADE ON UPDATE CASCADE</type>
    </constraint>
</table>
