<?xml version="1.0" encoding="UTF-8"?>
<view>
    <columns>
        <column name="reference" order="100">
            <widget type="text" fieldname="reference"/>
        </column>
        <column name="name" display="right" order="110">
            <widget type="text" fieldname="firstname"/>
        </column>
        <column name="surname" order="120">
            <widget type="text" fieldname="lastname"/>
        </column>
        <column name="cifnif" display="none" order="130">
            <widget type="text" fieldname="cifnif"/>
        </column>
        <column name="company" display="none" order="140">
            <widget type="text" fieldname="company"/>
        </column>
        <column name="observations" order="150">
            <widget type="textarea" fieldname="observations"/>
        </column>
        <column name="total" display="right" order="160">
            <widget type="money" fieldname="totaltaxin"/>
        </column>
        <column name="payment-method" order="170">
            <widget type="text" fieldname="paymethod"/>
        </column>
        <column name="status" order="180">
            <widget type="select" fieldname="status" translate="true">
                <values>cancelled</values>
                <values>invoiced</values>
                <values>pending</values>
                <values>refunded</values>
            </widget>
        </column>
        <column name="date" display="right" order="190">
            <widget type="datetime" fieldname="creationdate"/>
        </column>
    </columns>
    <rows>
        <row type="status">
            <option color="danger" fieldname="status" title="cancelled">cancelled</option>
            <option color="danger" fieldname="status" title="refunded">refunded</option>
            <option color="success" fieldname="status" title="invoiced">invoiced</option>
            <option color="warning" fieldname="paid" title="unpaid">0</option>
            <option color="dark" fieldname="unbalanced" title="unbalance">1</option>
        </row>
    </rows>
</view>