<?xml version="1.0" encoding="UTF-8"?>
<view>
    <columns>
        <column name="Id" order="100">
            <widget type="text" fieldname="idcontrato" onclick="EditContratoServicio" />
        </column>
        <column name="customer" order="100">
            <widget type="select" fieldname="codcliente" required="true">
                <values source="clientes" fieldcode="codcliente" fieldtitle="nombre" />
            </widget>
        </column>
        <column name="Título" order="100">
            <widget type="text" fieldname="titulo" />
        </column>
        <column name="Observaciones" order="100">
            <widget type="text" fieldname="observaciones" />
        </column>
        <column name="Importe" order="100">
            <widget type="text" fieldname="importe_anual" />
        </column>
        <column name="Alta" order="100">
            <widget type="text" fieldname="fecha_alta" />
        </column>
        <column name="Renovacion" order="100">
            <widget type="text" fieldname="fecha_renovacion" />
        </column>

        <column name="Última factura" order="100">
            <widget type="select" fieldname="idfactura" required="true">
                <values source="FacturaCliente" fieldcode="idfactura" fieldtitle="codigo" />
            </widget>
        </column>
        <column name="Siguiente servicio" order="100">
            <widget type="text" fieldname="fsiguiente_servicio" />
        </column>

        <column name="Agrupación" order="100">
            <widget type="text" fieldname="agrupacion" />
        </column>
<!--        <column name="Suspendido" order="100">-->
<!--            <widget type="checkbox" fieldname="suspendido" />-->
<!--        </column>-->
    </columns>

    <modals>
        <group name="renew" title="Renovar Contrato y generar factura" icon="fa-solid fa-calendar-alt">
            <column name="Fecha para la factura">
                <widget type="date" fieldname="date" />
            </column>
        </group>
    </modals>

    <rows>
        <row type="status">
            <option color="info" title="Suspendido" fieldname="suspendido">1</option>
            <option color="warning" title="Pendiente de renovar" fieldname="estado_limite_renovacion">1</option>
            <option color="danger" title="Fecha renovación vencida" fieldname="estado_limite_renovacion">2</option>
        </row>
    </rows>
</view>
