<?xml version="1.0" encoding="UTF-8"?>
<view>
    <columns>
        <column name="domain" title="dondominio-domain" order="100">
            <widget type="text" fieldname="domain" icon="fa-solid fa-globe" readonly="true"/>
        </column>
        <column name="codcliente" title="customer" order="110">
            <widget type="text" fieldname="codcliente" icon="fa-solid fa-user" readonly="true"/>
        </column>
        <column name="cliente-nombre" title="name" order="120">
            <widget type="text" fieldname="cliente.nombre" icon="fa-solid fa-building" readonly="true"/>
        </column>

        <column name="status" title="dondominio-status" order="140">
            <widget type="text" fieldname="status" icon="fa-solid fa-circle-notch" readonly="true"/>
        </column>
        <column name="expires_at" title="dondominio-expires-at" order="150">
            <widget type="date" fieldname="expires_at" icon="fa-solid fa-calendar" readonly="true"/>
        </column>
        <column name="autorenew" title="dondominio-autorenew" order="160">
            <widget type="checkbox" fieldname="autorenew" readonly="true"/>
        </column>
        <column name="synced_at" title="dondominio-synced-at" order="170">
            <widget type="datetime" fieldname="synced_at" icon="fa-solid fa-clock" readonly="true"/>
        </column>
        <column name="actions" title="actions" order="180">
            <widget type="link" fieldname="link" icon="fa-solid fa-external-link-alt" readonly="true"/>
        </column>
    </columns>
</view>
